"","Year","Method","SampleSize","Value","LowerCI","UpperCI","SD","Metric","Flag"
"1",2007,"1",1.30096804593775,0.72,2.63,0.37,1,"1",2007
"2",2008,"1",1.40388510384454,0.96,2.23,0.3,1,"1",2008
"3",2009,"1",0.571066576119543,0.36,1.09,0.16,1,"1",2009
"4",2010,"1",5.53208789296442,4.25,7.83,0.82,1,"1",2010
"5",2011,"1",1.03810315631524,0.76,1.64,0.22,1,"1",2011
"6",2012,"1",0.459890289850321,0.19,1.69,0.39,1,"1",2012
"7",2013,"1",1.5495163879922,0.77,3.15,0.62,1,"1",2013
