"","Year","Method","SampleSize","Value","LowerCI","UpperCI","SD","Metric","Flag"
"1",2007,"1",1.35837747887026,0.54,5.65,1.19,1,"1",2007
"2",2008,"1",1.17062109821072,0.67,2.05,0.3,1,"1",2008
"3",2009,"1",0.60642063932568,0.32,1.39,0.25,1,"1",2009
"4",2010,"1",0.354876887648413,0.22,0.76,0.11,1,"1",2010
"5",2011,"1",0.215187620729327,0.14,0.39,0.06,1,"1",2011
"6",2012,"1",0.593062282608651,0.37,0.98,0.15,1,"1",2012
"7",2013,"1",0.413946357731421,0.27,0.64,0.08,1,"1",2013
