"","Year","Method","SampleSize","Value","LowerCI","UpperCI","SD","Metric","Flag"
"1",2008,"1",0.52764142841993,0.32,0.93,0.13,1,"1",2008
"2",2009,"1",0.587041864892584,0.27,1.02,0.17,1,"1",2009
"3",2010,"1",1.06071286765161,0.77,1.69,0.22,1,"1",2010
"4",2011,"1",0.628951336417581,0.35,1.18,0.2,1,"1",2011
"5",2012,"1",1.01186809251555,0.45,1.61,0.28,1,"1",2012
"6",2013,"1",1.02620920451575,0.53,1.93,0.33,1,"1",2013
