"","Year","Method","Value","LowerCI","UpperCI","SD","Metric","Flag"
"1","2012","LBAR","0.747388737386","0.48659111568526","0.997668077307506","0.110102611967758","FvFmsy","None"
"2","2012","CatchCurve","1.20171688586934","0.939143131035661","1.84961495924423","0.204074914541757","FvFmsy","None"
"3","2012","DensityRatio","2.05169083403717","0.522297899577319","10.9980179732668","2.19468376708884","N/K","Biomass"
"4","2012","LBSPR","0.199279","0.178007","0.324943","0.0308944714103085","SPR","ModelFailed is FALSE"
