"","Year","Method","Value","LowerCI","UpperCI","SD","Metric","Flag"
"1","2011","LBAR","-999","-0.762564663837447","0.210384757399887","246.573075676259","FvFmsy","Uniroot failed, function has no zero root"
"2","2012","LBAR","-999","-999","-999","0","FvFmsy","Uniroot failed, function has no zero root"
"3","2011","DensityRatio","0.653965876065758","0.187909816926688","1.99844742867527","0.367652357573488","N/K","Biomass"
"4","2012","DensityRatio","0.407498738269717","0.103256504931317","7.9100754649462","1.25105061280211","N/K","Biomass"
"5","2011","LBSPR","0.31706","2.5996e-05","0.369793","0.138564224158178","SPR","ModelFailed is FALSE"
"6","2012","LBSPR","0.292567","6.77989e-06","0.798264","0.194994189815982","SPR","ModelFailed is FALSE"
"7","2011","CatchCurve","2.42119454208436","-9.31716158590789","850.673866527135","85.1027271546431","FvFmsy","None"
"8","2012","CatchCurve","-2.29815327101117","-9.79888784004195","519.495375554724","40.1650846742325","FvFmsy","None"
