"","Year","Method","Value","LowerCI","UpperCI","SD","Metric","Flag"
"1","2012","LBAR","0.766362128871921","0.47462261769042","1.08770850627947","0.140033048198868","FvFmsy","None"
"2","2012","DensityRatio","0.915846972586325","0.463130119043398","1.87517825833902","0.295922142588482","N/K","Biomass"
"3","2012","LBSPR","0.0248275","0.0183839","0.0335888","0.00343437868620749","SPR","ModelFailed is FALSE"
"4","2012","CatchCurve","0.989609249390765","-1.71643008997139","1.30571164554549","0.860970384651267","FvFmsy","None"
