"","Year","Method","SampleSize","Value","LowerCI","UpperCI","SD","Metric","Flag"
"1",2008,"1",1.34217772980305,0.6,2.69,0.53,1,"1",2008
"2",2009,"1",4.15775409723909,3.56,4.66,0.25,1,"1",2009
"3",2010,"1",-999,-999,-999,0,1,"1",2010
"4",2011,"1",-999,-999,-999,0,1,"1",2011
"5",2012,"1",2.39720117363376,0.49,7.36,1.44,1,"1",2012
"6",2013,"1",2.3539396044842,1.18,4.52,0.78,1,"1",2013
