"","Year","Method","SampleSize","Value","LowerCI","UpperCI","SD","Metric","Flag"
"1",2007,"1",0.81654597342286,0.41,1.66,0.29,1,"1",2007
"2",2008,"1",1.06976849791668,0.68,1.79,0.22,1,"1",2008
"3",2009,"1",0.862697006723835,0.54,1.54,0.24,1,"1",2009
"4",2010,"1",0.847890882270458,0.62,1.26,0.16,1,"1",2010
"5",2011,"1",0.344601444028366,0.23,0.59,0.08,1,"1",2011
"6",2012,"1",0.368261166556246,0.24,0.56,0.07,1,"1",2012
"7",2013,"1",0.341889736375641,0.24,0.62,0.07,1,"1",2013
