"","Year","Method","SampleSize","Value","LowerCI","UpperCI","SD","Metric","Flag"
"1",2007,"1",0.541052905793052,0.29,1.29,0.23,1,"1",2007
"2",2008,"1",0.580714487179678,0.36,0.87,0.11,1,"1",2008
"3",2009,"1",0.904596821120667,0.5,1.51,0.21,1,"1",2009
"4",2010,"1",0.691487284999059,0.43,1.32,0.22,1,"1",2010
"5",2011,"1",0.517956905014055,0.26,1.13,0.2,1,"1",2011
"6",2012,"1",0.615841371798172,0.37,1,0.15,1,"1",2012
"7",2013,"1",0.739769088729492,0.39,1.29,0.19,1,"1",2013
