"","Year","Method","Value","LowerCI","UpperCI","SD","Metric","Flag"
"1","2012","LBAR","13.2413524549908","5.96786650689342","28.5625426933872","4.7255457239356","FvFmsy","None"
"2","2012","CatchCurve","5.54436785244186","1.15944702479702","12.9282178165938","2.75608602823495","FvFmsy","No MPA based M possible - derived from LHI and Lit"
"3","2012","DensityRatio","0.630573565804023","0","5.75649010275996","0.886790256150975","N/K","Biomass"
"4","2012","LBSPR","0.0756394","0.0284625","0.204161","0.0371580911996878","SPR","ModelFailed is FALSE"
