"","Year","Method","SampleSize","Value","LowerCI","UpperCI","SD","Metric","Flag"
"1",2007,"1",1.08164562035633,0.41,2.74,0.55,1,"1",2007
"2",2008,"1",1.32985350962159,0.82,2.13,0.28,1,"1",2008
"3",2009,"1",0.974398862884781,0.54,1.77,0.27,1,"1",2009
"4",2010,"1",0.962488259569354,0.67,1.47,0.2,1,"1",2010
"5",2011,"1",2.41340573931572,1.13,6.27,1.34,1,"1",2011
"6",2012,"1",1.95996948826412,1.09,3.41,0.55,1,"1",2012
"7",2013,"1",1.83137332408567,1,3.36,0.61,1,"1",2013
